{"cameraMode":{"drawMode":0,"name":"Shaded","section":"Shading Mode"},"sceneLighting":true,"audioPlay":false,"sceneViewState":{"showFog":true,"showMaterialUpdate":false,"showSkybox":true,"showFlares":true,"showImageEffects":true,"showParticleSystems":true},"in2DMode":false,"pivot":{"x":0.8422455191612244,"y":1.7784836292266846,"z":11.548144340515137},"rotation":{"x":-0.18869911134243012,"y":0.19648315012454987,"z":-0.03856528550386429,"w":-0.9614050984382629},"size":8.901867866516114,"orthographic":false}